Row ID,Order Date,Order ID,Ship Date,Ship Mode,Customer ID,Customer Name,Segment,Country,City,State,Postal Code,Region,Product ID,Category,Sub-Category,Product Name,Sales,Quantity,Discount,Profit
1770,02-03-2017,CA-2017-146024,08-03-2017,Standard Class,SC-20770,Stewart Carmichael,Corporate,United States,Dallas,Texas,75081,Central,OFF-SU-10001935,Office Supplies,Supplies,Staple remover,6.976,4,0.2,-1.3952
1771,02-03-2017,CA-2017-146024,08-03-2017,Standard Class,SC-20770,Stewart Carmichael,Corporate,United States,Dallas,Texas,75081,Central,OFF-BI-10003291,Office Supplies,Binders,Wilson Jones Leather-Like Binders with DublLock Round Rings,12.222,7,0.8,-20.1663
2509,02-03-2017,CA-2017-163902,08-03-2017,Standard Class,MY-17380,Maribeth Yedwab,Corporate,United States,Los Angeles,California,90045,West,TEC-PH-10000675,Technology,Phones,Panasonic KX TS3282B Corded phone,196.776,3,0.2,14.7582
2510,02-03-2017,CA-2017-163902,08-03-2017,Standard Class,MY-17380,Maribeth Yedwab,Corporate,United States,Los Angeles,California,90045,West,TEC-AC-10000580,Technology,Accessories,Logitech G13 Programmable Gameboard with LCD Display,479.94,6,0,52.7934
7638,02-03-2017,CA-2017-104885,08-03-2017,Standard Class,DB-13555,Dorothy Badders,Corporate,United States,Newark,Delaware,19711,East,OFF-AR-10001615,Office Supplies,Art,Newell 34,59.52,3,0,15.4752
7639,02-03-2017,CA-2017-104885,08-03-2017,Standard Class,DB-13555,Dorothy Badders,Corporate,United States,Newark,Delaware,19711,East,OFF-EN-10003286,Office Supplies,Envelopes,Staple envelope,57.96,7,0,27.2412
7640,02-03-2017,CA-2017-104885,08-03-2017,Standard Class,DB-13555,Dorothy Badders,Corporate,United States,Newark,Delaware,19711,East,FUR-BO-10003660,Furniture,Bookcases,"Bush Cubix Collection Bookcases, Fully Assembled",441.96,2,0,101.6508
7641,02-03-2017,CA-2017-104885,08-03-2017,Standard Class,DB-13555,Dorothy Badders,Corporate,United States,Newark,Delaware,19711,East,OFF-PA-10002764,Office Supplies,Paper,Easy-staple paper,68.04,6,0,33.3396
7861,02-03-2017,CA-2017-152261,06-03-2017,Standard Class,JA-15970,Joseph Airdo,Consumer,United States,Cuyahoga Falls,Ohio,44221,East,OFF-BI-10002353,Office Supplies,Binders,GBC VeloBind Cover Sets,18.528,4,0.7,-12.352
9252,02-03-2017,CA-2017-155712,08-03-2017,Standard Class,KD-16615,Ken Dana,Corporate,United States,Los Angeles,California,90008,West,OFF-BI-10004224,Office Supplies,Binders,Catalog Binders with Expanding Posts,107.648,2,0.2,33.64
9293,02-03-2017,CA-2017-124114,02-03-2017,Same Day,RS-19765,Roland Schwarz,Corporate,United States,Waco,Texas,76706,Central,OFF-BI-10004022,Office Supplies,Binders,Acco Suede Grain Vinyl Round Ring Binder,0.556,1,0.8,-0.9452
1323,03-03-2017,CA-2017-121804,08-03-2017,Standard Class,LP-17095,Liz Preis,Consumer,United States,Murray,Kentucky,42071,South,OFF-AP-10004859,Office Supplies,Appliances,Acco 6 Outlet Guardian Premium Surge Suppressor,72.8,5,0,19.656
3062,03-03-2017,CA-2017-127621,07-03-2017,Standard Class,RE-19450,Richard Eichhorn,Consumer,United States,Dallas,Texas,75081,Central,OFF-PA-10001307,Office Supplies,Paper,"Important Message Pads, 50 4-1/4 x 5-1/2 Forms per Pad",26.88,8,0.2,9.744
3474,03-03-2017,CA-2017-111815,10-03-2017,Standard Class,EP-13915,Emily Phan,Consumer,United States,Dearborn Heights,Michigan,48127,Central,FUR-CH-10000785,Furniture,Chairs,Global Ergonomic Managers Chair,180.98,1,0,47.0548
3475,03-03-2017,CA-2017-111815,10-03-2017,Standard Class,EP-13915,Emily Phan,Consumer,United States,Dearborn Heights,Michigan,48127,Central,TEC-AC-10002926,Technology,Accessories,Logitech Wireless Marathon Mouse M705,99.98,2,0,42.9914
6576,03-03-2017,CA-2017-123085,08-03-2017,Standard Class,EJ-13720,Ed Jacobs,Consumer,United States,Los Angeles,California,90008,West,TEC-AC-10000990,Technology,Accessories,Imation Bio 2GB USB Flash Drive Imation Corp,1049.44,8,0,440.7648
6577,03-03-2017,CA-2017-123085,08-03-2017,Standard Class,EJ-13720,Ed Jacobs,Consumer,United States,Los Angeles,California,90008,West,FUR-CH-10003968,Furniture,Chairs,Novimex Turbo Task Chair,170.352,3,0.2,-17.0352
8619,03-03-2017,CA-2017-117513,08-03-2017,Standard Class,BT-11395,Bill Tyler,Corporate,United States,Los Angeles,California,90004,West,FUR-TA-10001520,Furniture,Tables,"Lesro Sheffield Collection Coffee Table, End Table, Center Table, Corner Table",399.672,7,0.2,-14.9877
420,04-03-2017,CA-2017-110478,09-03-2017,Standard Class,SP-20860,Sung Pak,Corporate,United States,Los Angeles,California,90045,West,OFF-AR-10001573,Office Supplies,Art,American Pencil,9.32,4,0,2.7028
421,04-03-2017,CA-2017-110478,09-03-2017,Standard Class,SP-20860,Sung Pak,Corporate,United States,Los Angeles,California,90045,West,OFF-EN-10000483,Office Supplies,Envelopes,"White Envelopes, White Envelopes with Clear Poly Window",15.25,1,0,7.015
5296,04-03-2017,CA-2017-142174,09-03-2017,Standard Class,DP-13000,Darren Powers,Consumer,United States,Houston,Texas,77041,Central,OFF-PA-10000806,Office Supplies,Paper,Xerox 1934,89.568,2,0.2,32.4684
6447,04-03-2017,US-2017-119816,06-03-2017,Second Class,TT-21460,Tonja Turnell,Home Office,United States,Houston,Texas,77095,Central,FUR-FU-10004848,Furniture,Furnishings,"Howard Miller 13-3/4"" Diameter Brushed Chrome Round Wall Clock",103.5,5,0.6,-77.625
6448,04-03-2017,US-2017-119816,06-03-2017,Second Class,TT-21460,Tonja Turnell,Home Office,United States,Houston,Texas,77095,Central,OFF-LA-10002381,Office Supplies,Labels,Avery 497,2.464,1,0.2,0.8624
6449,04-03-2017,US-2017-119816,06-03-2017,Second Class,TT-21460,Tonja Turnell,Home Office,United States,Houston,Texas,77095,Central,OFF-ST-10000918,Office Supplies,Storage,Crate-A-Files,8.72,1,0.2,0.654
3813,05-03-2017,CA-2017-147753,05-03-2017,Same Day,PK-19075,Pete Kriz,Consumer,United States,Milwaukee,Wisconsin,53209,Central,OFF-LA-10003537,Office Supplies,Labels,Avery 515,25.06,2,0,11.7782
4744,05-03-2017,CA-2017-168123,05-03-2017,Same Day,JD-16060,Julia Dunbar,Consumer,United States,Rochester,Minnesota,55901,Central,OFF-FA-10002763,Office Supplies,Fasteners,Advantus Map Pennant Flags and Round Head Tacks,7.9,2,0,2.528
4745,05-03-2017,CA-2017-168123,05-03-2017,Same Day,JD-16060,Julia Dunbar,Consumer,United States,Rochester,Minnesota,55901,Central,OFF-ST-10000877,Office Supplies,Storage,Recycled Steel Personal File for Standard File Folders,221.16,4,0,57.5016
4746,05-03-2017,CA-2017-168123,05-03-2017,Same Day,JD-16060,Julia Dunbar,Consumer,United States,Rochester,Minnesota,55901,Central,OFF-BI-10001071,Office Supplies,Binders,GBC ProClick Punch Binding System,127.96,2,0,62.7004
4747,05-03-2017,CA-2017-168123,05-03-2017,Same Day,JD-16060,Julia Dunbar,Consumer,United States,Rochester,Minnesota,55901,Central,OFF-BI-10001097,Office Supplies,Binders,Avery Hole Reinforcements,18.69,3,0,9.1581
5949,05-03-2017,CA-2017-161046,05-03-2017,Same Day,CB-12535,Claudia Bergmann,Corporate,United States,Southaven,Mississippi,38671,South,OFF-EN-10003862,Office Supplies,Envelopes,Laser & Ink Jet Business Envelopes,42.68,4,0,19.6328
5950,05-03-2017,CA-2017-161046,05-03-2017,Same Day,CB-12535,Claudia Bergmann,Corporate,United States,Southaven,Mississippi,38671,South,TEC-AC-10004571,Technology,Accessories,Logitech G700s Rechargeable Gaming Mouse,299.97,3,0,125.9874
5951,05-03-2017,CA-2017-161046,05-03-2017,Same Day,CB-12535,Claudia Bergmann,Corporate,United States,Southaven,Mississippi,38671,South,OFF-AP-10000891,Office Supplies,Appliances,Kensington 7 Outlet MasterPiece HOMEOFFICE Power Control Center,262.24,2,0,78.672
5952,05-03-2017,CA-2017-161046,05-03-2017,Same Day,CB-12535,Claudia Bergmann,Corporate,United States,Southaven,Mississippi,38671,South,OFF-BI-10002026,Office Supplies,Binders,Ibico Recycled Linen-Style Covers,234.36,6,0,112.4928
3735,06-03-2017,CA-2017-168193,11-03-2017,Second Class,RM-19750,Roland Murray,Consumer,United States,New York City,New York,10011,East,OFF-PA-10002254,Office Supplies,Paper,Xerox 1883,26.38,1,0,12.1348
3736,06-03-2017,CA-2017-168193,11-03-2017,Second Class,RM-19750,Roland Murray,Consumer,United States,New York City,New York,10011,East,FUR-FU-10002554,Furniture,Furnishings,"Westinghouse Floor Lamp with Metal Mesh Shade, Black",71.97,3,0,16.5531
4180,06-03-2017,US-2017-119039,10-03-2017,Standard Class,BF-11170,Ben Ferrer,Home Office,United States,San Francisco,California,94109,West,OFF-BI-10004182,Office Supplies,Binders,Economy Binders,14.976,9,0.2,5.4288
5151,06-03-2017,CA-2017-125101,10-03-2017,Second Class,SH-19975,Sally Hughsby,Corporate,United States,San Francisco,California,94109,West,OFF-ST-10000675,Office Supplies,Storage,"File Shuttle II and Handi-File, Black",67.78,2,0,16.945
6512,06-03-2017,CA-2017-167640,10-03-2017,Standard Class,FC-14245,Frank Carlisle,Home Office,United States,San Francisco,California,94109,West,OFF-AR-10003158,Office Supplies,Art,Fluorescent Highlighters by Dixon,23.88,6,0,8.1192
6513,06-03-2017,CA-2017-167640,10-03-2017,Standard Class,FC-14245,Frank Carlisle,Home Office,United States,San Francisco,California,94109,West,OFF-LA-10004559,Office Supplies,Labels,Avery 49,11.52,4,0,5.6448
6514,06-03-2017,CA-2017-167640,10-03-2017,Standard Class,FC-14245,Frank Carlisle,Home Office,United States,San Francisco,California,94109,West,OFF-PA-10001033,Office Supplies,Paper,Xerox 1893,286.93,7,0,140.5957
6515,06-03-2017,CA-2017-167640,10-03-2017,Standard Class,FC-14245,Frank Carlisle,Home Office,United States,San Francisco,California,94109,West,TEC-PH-10001336,Technology,Phones,Digium D40 VoIP phone,206.384,2,0.2,23.2182
9312,06-03-2017,CA-2017-148642,12-03-2017,Standard Class,DW-13540,Don Weiss,Consumer,United States,Dallas,Texas,75220,Central,OFF-LA-10000134,Office Supplies,Labels,Avery 511,4.928,2,0.2,1.7248
9313,06-03-2017,CA-2017-148642,12-03-2017,Standard Class,DW-13540,Don Weiss,Consumer,United States,Dallas,Texas,75220,Central,OFF-AR-10000588,Office Supplies,Art,Newell 345,63.488,4,0.2,4.7616
1372,07-03-2017,CA-2017-136672,12-03-2017,Standard Class,MG-17890,Michael Granlund,Home Office,United States,Clinton,Maryland,20735,East,TEC-AC-10004510,Technology,Accessories,Logitech Desktop MK120 Mouse and keyboard Combo,49.08,3,0,4.908
4903,07-03-2017,CA-2017-110884,12-03-2017,Standard Class,SH-20395,Shahid Hopkins,Consumer,United States,New York City,New York,10035,East,OFF-BI-10003669,Office Supplies,Binders,3M Organizer Strips,25.92,6,0.2,9.072
4904,07-03-2017,CA-2017-110884,12-03-2017,Standard Class,SH-20395,Shahid Hopkins,Consumer,United States,New York City,New York,10035,East,OFF-LA-10003510,Office Supplies,Labels,"Avery 4027 File Folder Labels for Dot Matrix Printers, 5000 Labels per Box, White",91.59,3,0,42.1314
360,08-03-2017,CA-2017-155698,11-03-2017,First Class,VB-21745,Victoria Brennan,Corporate,United States,Columbus,Georgia,31907,South,OFF-AP-10001124,Office Supplies,Appliances,Belkin 8 Outlet SurgeMaster II Gold Surge Protector with Phone Protection,647.84,8,0,168.4384
361,08-03-2017,CA-2017-155698,11-03-2017,First Class,VB-21745,Victoria Brennan,Corporate,United States,Columbus,Georgia,31907,South,OFF-LA-10001158,Office Supplies,Labels,"Avery Address/Shipping Labels for Typewriters, 4"" x 2""",20.7,2,0,9.936
4884,08-03-2017,CA-2017-104080,15-03-2017,Standard Class,AH-10210,Alan Hwang,Consumer,United States,Anaheim,California,92804,West,OFF-BI-10003876,Office Supplies,Binders,"Green Canvas Binder for 8-1/2"" x 14"" Sheets",171.2,5,0.2,64.2
4885,08-03-2017,CA-2017-104080,15-03-2017,Standard Class,AH-10210,Alan Hwang,Consumer,United States,Anaheim,California,92804,West,OFF-AR-10001972,Office Supplies,Art,Newell 323,3.36,2,0,0.8736
1926,09-03-2017,CA-2017-102834,13-03-2017,Standard Class,LW-16990,Lindsay Williams,Corporate,United States,San Francisco,California,94110,West,TEC-AC-10001908,Technology,Accessories,Logitech Wireless Headset h800,199.98,2,0,69.993
8540,09-03-2017,CA-2017-147354,13-03-2017,Standard Class,KB-16315,Karl Braun,Consumer,United States,Los Angeles,California,90008,West,TEC-CO-10000971,Technology,Copiers,Hewlett Packard 310 Color Digital Copier,479.984,2,0.2,59.998
8541,09-03-2017,CA-2017-147354,13-03-2017,Standard Class,KB-16315,Karl Braun,Consumer,United States,Los Angeles,California,90008,West,OFF-BI-10003910,Office Supplies,Binders,DXL Angle-View Binders with Locking Rings by Samsill,30.84,5,0.2,9.6375
1254,10-03-2017,CA-2017-144638,14-03-2017,Standard Class,MH-18115,Mick Hernandez,Home Office,United States,Chester,Pennsylvania,19013,East,OFF-AR-10003958,Office Supplies,Art,Newell 337,5.248,2,0.2,0.5904
1255,10-03-2017,CA-2017-144638,14-03-2017,Standard Class,MH-18115,Mick Hernandez,Home Office,United States,Chester,Pennsylvania,19013,East,TEC-PH-10000149,Technology,Phones,Cisco SPA525G2 IP Phone - Wireless,35.91,3,0.4,-8.379
1256,10-03-2017,CA-2017-144638,14-03-2017,Standard Class,MH-18115,Mick Hernandez,Home Office,United States,Chester,Pennsylvania,19013,East,FUR-FU-10003724,Furniture,Furnishings,Westinghouse Clip-On Gooseneck Lamps,6.696,1,0.2,0.5022
1257,10-03-2017,CA-2017-144638,14-03-2017,Standard Class,MH-18115,Mick Hernandez,Home Office,United States,Chester,Pennsylvania,19013,East,FUR-FU-10003535,Furniture,Furnishings,Howard Miller Distant Time Traveler Alarm Clock,43.872,2,0.2,11.5164
4294,10-03-2017,CA-2017-130967,16-03-2017,Standard Class,EB-13870,Emily Burns,Consumer,United States,Philadelphia,Pennsylvania,19140,East,TEC-PH-10004896,Technology,Phones,Nokia Lumia 521 (T-Mobile),53.982,3,0.4,-10.7964
4997,10-03-2017,CA-2017-155824,15-03-2017,Standard Class,KS-16300,Karen Seio,Corporate,United States,Raleigh,North Carolina,27604,South,OFF-AP-10000390,Office Supplies,Appliances,Euro Pro Shark Stick Mini Vacuum,48.784,1,0.2,3.6588
4998,10-03-2017,CA-2017-155824,15-03-2017,Standard Class,KS-16300,Karen Seio,Corporate,United States,Raleigh,North Carolina,27604,South,OFF-BI-10000014,Office Supplies,Binders,Heavy-Duty E-Z-D Binders,13.092,4,0.7,-10.0372
6689,10-03-2017,CA-2017-140494,15-03-2017,Second Class,CM-11815,Candace McMahon,Corporate,United States,San Francisco,California,94109,West,TEC-AC-10004568,Technology,Accessories,Maxell LTO Ultrium - 800 GB,111.96,4,0,21.2724
8413,10-03-2017,CA-2017-132290,14-03-2017,Standard Class,MD-17350,Maribeth Dona,Consumer,United States,Dallas,Texas,75217,Central,FUR-TA-10002228,Furniture,Tables,"Bevis Traditional Conference Table Top, Plinth Base",933.408,4,0.3,-173.3472
2994,11-03-2017,CA-2017-147291,17-03-2017,Standard Class,MJ-17740,Max Jones,Consumer,United States,Detroit,Michigan,48227,Central,OFF-BI-10003091,Office Supplies,Binders,GBC DocuBind TL200 Manual Binding Machine,895.92,4,0,421.0824
7144,11-03-2017,US-2017-141558,16-03-2017,Standard Class,MH-17290,Marc Harrigan,Home Office,United States,Philadelphia,Pennsylvania,19140,East,TEC-PH-10002555,Technology,Phones,Nortel Meridian M5316 Digital phone,776.85,5,0.4,-181.265
7145,11-03-2017,US-2017-141558,16-03-2017,Standard Class,MH-17290,Marc Harrigan,Home Office,United States,Philadelphia,Pennsylvania,19140,East,OFF-BI-10002794,Office Supplies,Binders,"Avery Trapezoid Ring Binder, 3"" Capacity, Black, 1040 sheets",12.294,1,0.7,-8.6058
7146,11-03-2017,US-2017-141558,16-03-2017,Standard Class,MH-17290,Marc Harrigan,Home Office,United States,Philadelphia,Pennsylvania,19140,East,FUR-TA-10004086,Furniture,Tables,KI Adjustable-Height Table,154.764,3,0.4,-46.4292
7147,11-03-2017,US-2017-141558,16-03-2017,Standard Class,MH-17290,Marc Harrigan,Home Office,United States,Philadelphia,Pennsylvania,19140,East,OFF-ST-10004946,Office Supplies,Storage,Desktop 3-Pocket Hot File,43.28,1,0.2,3.246
8043,11-03-2017,US-2017-133081,15-03-2017,Standard Class,PV-18985,Paul Van Hugh,Home Office,United States,Cambridge,Massachusetts,2138,East,TEC-AC-10001772,Technology,Accessories,Memorex Mini Travel Drive 16 GB USB 2.0 Flash Drive,63.88,4,0,24.9132
8044,11-03-2017,US-2017-133081,15-03-2017,Standard Class,PV-18985,Paul Van Hugh,Home Office,United States,Cambridge,Massachusetts,2138,East,FUR-FU-10001379,Furniture,Furnishings,"Executive Impressions 16-1/2"" Circular Wall Clock",26.72,1,0,11.7568
3188,12-03-2017,CA-2017-159352,17-03-2017,Standard Class,KB-16585,Ken Black,Corporate,United States,Lowell,Massachusetts,1852,East,TEC-PH-10004700,Technology,Phones,PowerGen Dual USB Car Charger,69.93,7,0,32.1678
4636,12-03-2017,CA-2017-116288,17-03-2017,Standard Class,BS-11380,Bill Stewart,Corporate,United States,San Francisco,California,94122,West,OFF-ST-10000736,Office Supplies,Storage,Carina Double Wide Media Storage Towers in Natural & Black,242.94,3,0,9.7176
5387,12-03-2017,CA-2017-152786,17-03-2017,Standard Class,GA-14725,Guy Armstrong,Consumer,United States,Rogers,Arkansas,72756,South,OFF-BI-10000829,Office Supplies,Binders,Avery Non-Stick Binders,40.41,9,0,18.5886
2163,13-03-2017,CA-2017-166296,19-03-2017,Standard Class,KF-16285,Karen Ferguson,Home Office,United States,Manteca,California,95336,West,OFF-PA-10004359,Office Supplies,Paper,Multicolor Computer Printout Paper,314.55,3,0,150.984
3065,13-03-2017,CA-2017-106859,18-03-2017,Second Class,BF-11215,Benjamin Farhat,Home Office,United States,Albuquerque,New Mexico,87105,West,OFF-ST-10000615,Office Supplies,Storage,"SimpliFile Personal File, Black Granite, 15w x 6-15/16d x 11-1/4h",90.8,8,0,25.424
3066,13-03-2017,CA-2017-106859,18-03-2017,Second Class,BF-11215,Benjamin Farhat,Home Office,United States,Albuquerque,New Mexico,87105,West,TEC-PH-10004531,Technology,Phones,OtterBox Commuter Series Case - iPhone 5 & 5s,140.736,8,0.2,49.2576
3067,13-03-2017,CA-2017-106859,18-03-2017,Second Class,BF-11215,Benjamin Farhat,Home Office,United States,Albuquerque,New Mexico,87105,West,TEC-AC-10004001,Technology,Accessories,Logitech Wireless Headset H600 Over-The-Head Design,214.95,5,0,88.1295
3068,13-03-2017,CA-2017-106859,18-03-2017,Second Class,BF-11215,Benjamin Farhat,Home Office,United States,Albuquerque,New Mexico,87105,West,OFF-PA-10001534,Office Supplies,Paper,Xerox 230,45.36,7,0,21.7728
3069,13-03-2017,CA-2017-106859,18-03-2017,Second Class,BF-11215,Benjamin Farhat,Home Office,United States,Albuquerque,New Mexico,87105,West,OFF-PA-10001815,Office Supplies,Paper,Xerox 1885,288.24,6,0,138.3552
4459,13-03-2017,CA-2017-105851,20-03-2017,Standard Class,SE-20110,Sanjit Engle,Consumer,United States,Denver,Colorado,80219,West,OFF-SU-10002881,Office Supplies,Supplies,Martin Yale Chadless Opener Electric Letter Opener,1332.496,2,0.2,-299.8116
5565,13-03-2017,CA-2017-157966,13-03-2017,Same Day,SU-20665,Stephanie Ulpright,Home Office,United States,Chicago,Illinois,60610,Central,OFF-AR-10000799,Office Supplies,Art,Col-Erase Pencils with Erasers,19.456,4,0.2,2.1888
5566,13-03-2017,CA-2017-157966,13-03-2017,Same Day,SU-20665,Stephanie Ulpright,Home Office,United States,Chicago,Illinois,60610,Central,TEC-MA-10002109,Technology,Machines,"HP Officejet Pro 8600 e-All-In-One Printer, Copier, Scanner, Fax",209.986,2,0.3,8.9994
5567,13-03-2017,CA-2017-157966,13-03-2017,Same Day,SU-20665,Stephanie Ulpright,Home Office,United States,Chicago,Illinois,60610,Central,OFF-AR-10003338,Office Supplies,Art,"Eberhard Faber 3 1/2"" Golf Pencils",29.76,5,0.2,1.86
5568,13-03-2017,CA-2017-157966,13-03-2017,Same Day,SU-20665,Stephanie Ulpright,Home Office,United States,Chicago,Illinois,60610,Central,FUR-CH-10003606,Furniture,Chairs,SAFCO Folding Chair Trolley,89.768,1,0.3,-2.5648
5569,13-03-2017,CA-2017-157966,13-03-2017,Same Day,SU-20665,Stephanie Ulpright,Home Office,United States,Chicago,Illinois,60610,Central,TEC-CO-10001449,Technology,Copiers,Hewlett Packard LaserJet 3310 Copier,959.984,2,0.2,335.9944
5570,13-03-2017,CA-2017-157966,13-03-2017,Same Day,SU-20665,Stephanie Ulpright,Home Office,United States,Chicago,Illinois,60610,Central,OFF-PA-10001934,Office Supplies,Paper,Xerox 1993,15.552,3,0.2,5.6376
5571,13-03-2017,CA-2017-157966,13-03-2017,Same Day,SU-20665,Stephanie Ulpright,Home Office,United States,Chicago,Illinois,60610,Central,TEC-PH-10001527,Technology,Phones,Plantronics MX500i Earset,34.36,1,0.2,-7.3015
7231,13-03-2017,CA-2017-153843,15-03-2017,First Class,SC-20380,Shahid Collister,Consumer,United States,Fairfield,Connecticut,6824,East,OFF-BI-10002353,Office Supplies,Binders,GBC VeloBind Cover Sets,30.88,2,0,15.44
7232,13-03-2017,CA-2017-153843,15-03-2017,First Class,SC-20380,Shahid Collister,Consumer,United States,Fairfield,Connecticut,6824,East,OFF-AP-10001564,Office Supplies,Appliances,Hoover Commercial Lightweight Upright Vacuum with E-Z Empty Dirt Cup,465.16,2,0,120.9416
7233,13-03-2017,CA-2017-153843,15-03-2017,First Class,SC-20380,Shahid Collister,Consumer,United States,Fairfield,Connecticut,6824,East,OFF-PA-10003673,Office Supplies,Paper,Strathmore Photo Mount Cards,27.12,4,0,12.4752
7922,13-03-2017,CA-2017-107713,17-03-2017,Standard Class,JB-16000,Joy Bell-,Consumer,United States,Columbia,Maryland,21044,East,OFF-BI-10002026,Office Supplies,Binders,Avery Arch Ring Binders,174.3,3,0,81.921
8295,13-03-2017,US-2017-146906,17-03-2017,Standard Class,MT-17815,Meg Tillman,Consumer,United States,New York City,New York,10011,East,TEC-PH-10001809,Technology,Phones,Panasonic KX T7736-B Digital phone,299.9,2,0,74.975
9392,13-03-2017,CA-2017-162474,16-03-2017,First Class,FH-14275,Frank Hawley,Corporate,United States,Aurora,Illinois,60505,Central,TEC-PH-10004700,Technology,Phones,PowerGen Dual USB Car Charger,7.992,1,0.2,2.5974
8440,14-03-2017,CA-2017-114370,17-03-2017,Second Class,BN-11470,Brad Norvell,Corporate,United States,Chicago,Illinois,60623,Central,TEC-PH-10000213,Technology,Phones,Seidio BD2-HK3IPH5-BK DILEX Case and Holster Combo for Apple iPhone 5/5s - Black,49.616,2,0.2,4.9616
1929,16-03-2017,US-2017-101539,18-03-2017,Second Class,VM-21685,Valerie Mitchum,Home Office,United States,Seattle,Washington,98105,West,OFF-PA-10001972,Office Supplies,Paper,Xerox 214,6.48,1,0,3.1104
1930,16-03-2017,US-2017-101539,18-03-2017,Second Class,VM-21685,Valerie Mitchum,Home Office,United States,Seattle,Washington,98105,West,OFF-ST-10004180,Office Supplies,Storage,Safco Commercial Shelving,46.51,1,0,1.8604
1931,16-03-2017,US-2017-101539,18-03-2017,Second Class,VM-21685,Valerie Mitchum,Home Office,United States,Seattle,Washington,98105,West,TEC-PH-10004165,Technology,Phones,Mitel MiVoice 5330e IP Phone,659.976,3,0.2,49.4982
7353,16-03-2017,CA-2017-152135,18-03-2017,Second Class,MG-17650,Matthew Grinstein,Home Office,United States,Lakewood,Ohio,44107,East,TEC-PH-10003505,Technology,Phones,Geemarc AmpliPOWER60,445.44,8,0.4,-81.664
8525,16-03-2017,CA-2017-161172,16-03-2017,Same Day,SP-20920,Susan Pistek,Consumer,United States,Columbus,Ohio,43229,East,TEC-PH-10004348,Technology,Phones,OtterBox Defender Series Case - iPhone 5c,44.376,2,0.4,-7.396
8526,16-03-2017,CA-2017-161172,16-03-2017,Same Day,SP-20920,Susan Pistek,Consumer,United States,Columbus,Ohio,43229,East,FUR-FU-10003424,Furniture,Furnishings,Nu-Dell Oak Frame,51.264,6,0.2,7.6896
8527,16-03-2017,CA-2017-161172,16-03-2017,Same Day,SP-20920,Susan Pistek,Consumer,United States,Columbus,Ohio,43229,East,OFF-BI-10004654,Office Supplies,Binders,Avery Binding System Hidden Tab Executive Style Index Sets,5.193,3,0.7,-3.462
8528,16-03-2017,CA-2017-161172,16-03-2017,Same Day,SP-20920,Susan Pistek,Consumer,United States,Columbus,Ohio,43229,East,TEC-AC-10004571,Technology,Accessories,Logitech G700s Rechargeable Gaming Mouse,159.984,2,0.2,43.9956
8529,16-03-2017,CA-2017-161172,16-03-2017,Same Day,SP-20920,Susan Pistek,Consumer,United States,Columbus,Ohio,43229,East,OFF-ST-10000675,Office Supplies,Storage,"File Shuttle II and Handi-File, Black",54.224,2,0.2,3.389
9738,16-03-2017,CA-2017-129294,21-03-2017,Standard Class,KD-16615,Ken Dana,Corporate,United States,Los Angeles,California,90032,West,OFF-ST-10002615,Office Supplies,Storage,"Dual Level, Single-Width Filing Carts",310.12,2,0,80.6312
9739,16-03-2017,CA-2017-129294,21-03-2017,Standard Class,KD-16615,Ken Dana,Corporate,United States,Los Angeles,California,90032,West,OFF-BI-10004236,Office Supplies,Binders,"XtraLife ClearVue Slant-D Ring Binder, White, 3""",70.464,6,0.2,22.9008
9740,16-03-2017,CA-2017-129294,21-03-2017,Standard Class,KD-16615,Ken Dana,Corporate,United States,Los Angeles,California,90032,West,OFF-BI-10001757,Office Supplies,Binders,Pressboard Hanging Data Binders for Unburst Sheets,19.68,5,0.2,6.888
9741,16-03-2017,CA-2017-129294,21-03-2017,Standard Class,KD-16615,Ken Dana,Corporate,United States,Los Angeles,California,90032,West,OFF-AP-10001154,Office Supplies,Appliances,Bionaire Personal Warm Mist Humidifier/Vaporizer,140.67,3,0,54.8613
787,17-03-2017,CA-2017-129567,21-03-2017,Second Class,CL-12565,Clay Ludtke,Consumer,United States,Lancaster,California,93534,West,OFF-BI-10000014,Office Supplies,Binders,Heavy-Duty E-Z-D Binders,17.456,2,0.2,5.8914
2451,17-03-2017,CA-2017-140949,22-03-2017,Second Class,DB-13405,Denny Blanton,Consumer,United States,New York City,New York,10011,East,OFF-LA-10000081,Office Supplies,Labels,Avery 496,18.75,5,0,9
2452,17-03-2017,CA-2017-140949,22-03-2017,Second Class,DB-13405,Denny Blanton,Consumer,United States,New York City,New York,10011,East,TEC-PH-10000149,Technology,Phones,Cisco SPA525G2 IP Phone - Wireless,119.7,6,0,31.122
2453,17-03-2017,CA-2017-140949,22-03-2017,Second Class,DB-13405,Denny Blanton,Consumer,United States,New York City,New York,10011,East,OFF-BI-10000605,Office Supplies,Binders,"Acco Pressboard Covers with Storage Hooks, 9 1/2"" x 11"", Executive Red",9.144,3,0.2,3.0861
2454,17-03-2017,CA-2017-140949,22-03-2017,Second Class,DB-13405,Denny Blanton,Consumer,United States,New York City,New York,10011,East,TEC-AC-10002399,Technology,Accessories,SanDisk Cruzer 32 GB USB Flash Drive,57.06,3,0,18.2592
2455,17-03-2017,CA-2017-140949,22-03-2017,Second Class,DB-13405,Denny Blanton,Consumer,United States,New York City,New York,10011,East,TEC-AC-10003038,Technology,Accessories,Kingston Digital DataTraveler 16GB USB 2.0,71.6,8,0,13.604
2456,17-03-2017,CA-2017-140949,22-03-2017,Second Class,DB-13405,Denny Blanton,Consumer,United States,New York City,New York,10011,East,OFF-ST-10000344,Office Supplies,Storage,"Neat Ideas Personal Hanging Folder Files, Black",107.44,8,0,27.9344
2457,17-03-2017,CA-2017-140949,22-03-2017,Second Class,DB-13405,Denny Blanton,Consumer,United States,New York City,New York,10011,East,OFF-LA-10004093,Office Supplies,Labels,Avery 486,7.31,1,0,3.4357
2458,17-03-2017,CA-2017-140949,22-03-2017,Second Class,DB-13405,Denny Blanton,Consumer,United States,New York City,New York,10011,East,OFF-AR-10001683,Office Supplies,Art,Lumber Crayons,59.1,6,0,22.458
2459,17-03-2017,CA-2017-140949,22-03-2017,Second Class,DB-13405,Denny Blanton,Consumer,United States,New York City,New York,10011,East,OFF-ST-10003455,Office Supplies,Storage,"Tenex File Box, Personal Filing Tote with Lid, Black",46.53,3,0,12.0978
3379,17-03-2017,CA-2017-142867,21-03-2017,Standard Class,PO-19180,Philisse Overcash,Home Office,United States,Houston,Texas,77095,Central,OFF-BI-10003166,Office Supplies,Binders,GBC Plasticlear Binding Covers,13.776,6,0.8,-22.0416
3380,17-03-2017,CA-2017-142867,21-03-2017,Standard Class,PO-19180,Philisse Overcash,Home Office,United States,Houston,Texas,77095,Central,OFF-PA-10004610,Office Supplies,Paper,Xerox 1900,10.272,3,0.2,3.21
8785,17-03-2017,US-2017-129224,23-03-2017,Standard Class,AS-10630,Ann Steele,Home Office,United States,Knoxville,Tennessee,37918,South,OFF-LA-10003190,Office Supplies,Labels,Avery 474,4.608,2,0.2,1.6704
677,18-03-2017,US-2017-119438,23-03-2017,Standard Class,CD-11980,Carol Darley,Consumer,United States,Tyler,Texas,75701,Central,OFF-AP-10000804,Office Supplies,Appliances,Hoover Portapower Portable Vacuum,2.688,3,0.8,-7.392
678,18-03-2017,US-2017-119438,23-03-2017,Standard Class,CD-11980,Carol Darley,Consumer,United States,Tyler,Texas,75701,Central,TEC-AC-10003614,Technology,Accessories,"Verbatim 25 GB 6x Blu-ray Single Layer Recordable Disc, 10/Pack",27.816,3,0.2,4.5201
679,18-03-2017,US-2017-119438,23-03-2017,Standard Class,CD-11980,Carol Darley,Consumer,United States,Tyler,Texas,75701,Central,FUR-FU-10003553,Furniture,Furnishings,"Howard Miller 13-1/2"" Diameter Rosebrook Wall Clock",82.524,3,0.6,-41.262
680,18-03-2017,US-2017-119438,23-03-2017,Standard Class,CD-11980,Carol Darley,Consumer,United States,Tyler,Texas,75701,Central,OFF-BI-10004632,Office Supplies,Binders,Ibico Hi-Tech Manual Binding System,182.994,3,0.8,-320.2395
3707,18-03-2017,CA-2017-160087,22-03-2017,Standard Class,EN-13780,Edward Nazzal,Consumer,United States,Dallas,Texas,75220,Central,OFF-AR-10001915,Office Supplies,Art,Peel-Off China Markers,23.832,3,0.2,6.5538
8726,18-03-2017,CA-2017-148145,23-03-2017,Standard Class,SW-20275,Scott Williamson,Consumer,United States,Seattle,Washington,98115,West,OFF-AR-10003752,Office Supplies,Art,Deluxe Chalkboard Eraser Cleaner,46.2,4,0,21.252
8792,18-03-2017,CA-2017-162075,24-03-2017,Standard Class,TT-21220,Thomas Thornton,Consumer,United States,Houston,Texas,77041,Central,TEC-PH-10001557,Technology,Phones,Pyle PMP37LED,537.544,7,0.2,47.0351
9014,18-03-2017,CA-2017-143084,22-03-2017,Standard Class,BP-11050,Barry Pond,Corporate,United States,Los Angeles,California,90008,West,OFF-AR-10002766,Office Supplies,Art,Prang Drawing Pencil Set,13.9,5,0,3.753
9015,18-03-2017,CA-2017-143084,22-03-2017,Standard Class,BP-11050,Barry Pond,Corporate,United States,Los Angeles,California,90008,West,OFF-EN-10003072,Office Supplies,Envelopes,Peel & Seel Envelopes,19.4,5,0,9.312
9122,18-03-2017,CA-2017-122007,20-03-2017,Second Class,JK-15325,Jason Klamczynski,Corporate,United States,Los Angeles,California,90032,West,OFF-AP-10000358,Office Supplies,Appliances,Fellowes Basic Home/Office Series Surge Protectors,90.86,7,0,26.3494
1477,19-03-2017,US-2017-104955,24-03-2017,Standard Class,CG-12040,Catherine Glotzbach,Home Office,United States,New York City,New York,10024,East,OFF-LA-10003121,Office Supplies,Labels,Avery 506,28.91,7,0,13.2986
4343,19-03-2017,CA-2017-105410,22-03-2017,First Class,ND-18370,Natalie DeCherney,Consumer,United States,San Francisco,California,94110,West,OFF-BI-10004970,Office Supplies,Binders,"ACCOHIDE 3-Ring Binder, Blue, 1""",19.824,6,0.2,6.6906
4344,19-03-2017,CA-2017-105410,22-03-2017,First Class,ND-18370,Natalie DeCherney,Consumer,United States,San Francisco,California,94110,West,TEC-PH-10000038,Technology,Phones,Jawbone MINI JAMBOX Wireless Bluetooth Speaker,657.504,6,0.2,-131.5008
4345,19-03-2017,CA-2017-105410,22-03-2017,First Class,ND-18370,Natalie DeCherney,Consumer,United States,San Francisco,California,94110,West,TEC-AC-10001552,Technology,Accessories,Logitech K350 2.4Ghz Wireless Keyboard,99.54,2,0,10.9494
4346,19-03-2017,CA-2017-105410,22-03-2017,First Class,ND-18370,Natalie DeCherney,Consumer,United States,San Francisco,California,94110,West,TEC-AC-10002926,Technology,Accessories,Logitech Wireless Marathon Mouse M705,199.96,4,0,85.9828
5230,19-03-2017,CA-2017-124436,22-03-2017,Second Class,SA-20830,Sue Ann Reed,Consumer,United States,Fresno,California,93727,West,OFF-BI-10001553,Office Supplies,Binders,SpineVue Locking Slant-D Ring Binders by Cardinal,14.624,2,0.2,5.1184
5231,19-03-2017,CA-2017-124436,22-03-2017,Second Class,SA-20830,Sue Ann Reed,Consumer,United States,Fresno,California,93727,West,FUR-TA-10001095,Furniture,Tables,Chromcraft Round Conference Tables,697.16,5,0.2,8.7145
5232,19-03-2017,CA-2017-124436,22-03-2017,Second Class,SA-20830,Sue Ann Reed,Consumer,United States,Fresno,California,93727,West,FUR-FU-10001185,Furniture,Furnishings,"Advantus Employee of the Month Certificate Frame, 11 x 13-1/2",30.93,1,0,12.6813
5233,19-03-2017,CA-2017-124436,22-03-2017,Second Class,SA-20830,Sue Ann Reed,Consumer,United States,Fresno,California,93727,West,OFF-BI-10000343,Office Supplies,Binders,"Pressboard Covers with Storage Hooks, 9 1/2"" x 11"", Light Blue",27.496,7,0.2,9.2799
9228,19-03-2017,CA-2017-140515,24-03-2017,Standard Class,GZ-14545,George Zrebassa,Corporate,United States,Los Angeles,California,90008,West,OFF-AP-10001205,Office Supplies,Appliances,Belkin 5 Outlet SurgeMaster Power Centers,381.36,7,0,106.7808
9890,19-03-2017,CA-2017-166499,20-03-2017,First Class,VG-21805,Vivek Grady,Corporate,United States,Lakewood,New Jersey,8701,East,OFF-AR-10002467,Office Supplies,Art,Dixon Ticonderoga Pencils,8.94,3,0,2.4138
447,20-03-2017,CA-2017-154214,25-03-2017,Second Class,TB-21595,Troy Blackwell,Consumer,United States,Columbus,Indiana,47201,Central,FUR-FU-10000206,Furniture,Furnishings,"GE General Purpose, Extra Long Life, Showcase & Floodlight Incandescent Bulbs",2.91,1,0,1.3677
2321,20-03-2017,CA-2017-165491,24-03-2017,Standard Class,HW-14935,Helen Wasserman,Corporate,United States,Seattle,Washington,98115,West,TEC-AC-10000358,Technology,Accessories,Imation Secure Drive + Hardware Encrypted USB flash drive - 16 GB,265.93,7,0,63.8232
8155,20-03-2017,US-2017-143770,24-03-2017,Standard Class,RD-19720,Roger Demir,Consumer,United States,Middletown,Connecticut,6457,East,TEC-AC-10002842,Technology,Accessories,WD My Passport Ultra 2TB Portable External Hard Drive,238,2,0,38.08
8156,20-03-2017,US-2017-143770,24-03-2017,Standard Class,RD-19720,Roger Demir,Consumer,United States,Middletown,Connecticut,6457,East,OFF-PA-10001125,Office Supplies,Paper,Xerox 1988,61.96,2,0,27.882
8998,20-03-2017,CA-2017-122763,20-03-2017,Same Day,HG-14845,Harry Greene,Consumer,United States,Houston,Texas,77041,Central,OFF-PA-10000474,Office Supplies,Paper,Easy-staple paper,56.704,2,0.2,19.1376
8999,20-03-2017,CA-2017-122763,20-03-2017,Same Day,HG-14845,Harry Greene,Consumer,United States,Houston,Texas,77041,Central,OFF-PA-10002377,Office Supplies,Paper,Xerox 1916,274.064,7,0.2,102.774
2333,21-03-2017,CA-2017-169285,25-03-2017,Standard Class,RW-19690,Robert Waldorf,Consumer,United States,Lafayette,Indiana,47905,Central,OFF-PA-10004071,Office Supplies,Paper,"Eaton Premium Continuous-Feed Paper, 25% Cotton, Letter Size, White, 1000 Shts/Box",277.4,5,0,133.152
2334,21-03-2017,CA-2017-169285,25-03-2017,Standard Class,RW-19690,Robert Waldorf,Consumer,United States,Lafayette,Indiana,47905,Central,OFF-PA-10004971,Office Supplies,Paper,Xerox 196,5.78,1,0,2.8322
4429,21-03-2017,CA-2017-119452,27-03-2017,Standard Class,CL-12565,Clay Ludtke,Consumer,United States,Tulsa,Oklahoma,74133,Central,FUR-CH-10004495,Furniture,Chairs,"Global Leather and Oak Executive Chair, Black",1805.88,6,0,523.7052
5346,21-03-2017,CA-2017-108539,23-03-2017,Second Class,SC-20725,Steven Cartwright,Consumer,United States,Los Angeles,California,90045,West,OFF-ST-10003208,Office Supplies,Storage,Adjustable Depth Letter/Legal Cart,725.84,4,0,210.4936
5347,21-03-2017,CA-2017-108539,23-03-2017,Second Class,SC-20725,Steven Cartwright,Consumer,United States,Los Angeles,California,90045,West,OFF-BI-10003981,Office Supplies,Binders,"Avery Durable Plastic 1"" Binders",10.896,3,0.2,3.9498
5348,21-03-2017,CA-2017-108539,23-03-2017,Second Class,SC-20725,Steven Cartwright,Consumer,United States,Los Angeles,California,90045,West,OFF-BI-10001031,Office Supplies,Binders,Pressboard Data Binders by Wilson Jones,8.544,2,0.2,2.8836
8377,21-03-2017,CA-2017-156272,27-03-2017,Standard Class,PW-19030,Pauline Webber,Corporate,United States,Pompano Beach,Florida,33068,South,OFF-AP-10001242,Office Supplies,Appliances,APC 7 Outlet Network SurgeArrest Surge Protector,64.384,1,0.2,8.048
8825,21-03-2017,CA-2017-117156,23-03-2017,Second Class,TB-21055,Ted Butterfield,Consumer,United States,Reading,Pennsylvania,19601,East,OFF-EN-10003845,Office Supplies,Envelopes,Colored Envelopes,8.856,3,0.2,2.8782
9362,21-03-2017,CA-2017-111591,25-03-2017,Standard Class,PS-18970,Paul Stevenson,Home Office,United States,Seattle,Washington,98105,West,OFF-BI-10004410,Office Supplies,Binders,"C-Line Peel & Stick Add-On Filing Pockets, 8-3/4 x 5-1/8, 10/Pack",30.576,6,0.2,10.3194
9363,21-03-2017,CA-2017-111591,25-03-2017,Standard Class,PS-18970,Paul Stevenson,Home Office,United States,Seattle,Washington,98105,West,OFF-FA-10004838,Office Supplies,Fasteners,"Super Bands, 12/Pack",13.02,7,0,0.3906
9364,21-03-2017,CA-2017-111591,25-03-2017,Standard Class,PS-18970,Paul Stevenson,Home Office,United States,Seattle,Washington,98105,West,FUR-FU-10002364,Furniture,Furnishings,"Eldon Expressions Wood Desk Accessories, Oak",22.14,3,0,6.4206
9365,21-03-2017,CA-2017-111591,25-03-2017,Standard Class,PS-18970,Paul Stevenson,Home Office,United States,Seattle,Washington,98105,West,OFF-ST-10001809,Office Supplies,Storage,Fellowes Officeware Wire Shelving,359.32,4,0,7.1864
2410,23-03-2017,CA-2017-155985,25-03-2017,First Class,BE-11335,Bill Eplett,Home Office,United States,San Francisco,California,94122,West,FUR-FU-10000758,Furniture,Furnishings,DAX Natural Wood-Tone Poster Frame,211.84,8,0,76.2624
2843,23-03-2017,CA-2017-135650,27-03-2017,Standard Class,AC-10660,Anna Chung,Consumer,United States,Huntsville,Texas,77340,Central,OFF-ST-10001809,Office Supplies,Storage,Fellowes Officeware Wire Shelving,143.728,2,0.2,-32.3388
3105,23-03-2017,US-2017-140074,29-03-2017,Standard Class,EC-14050,Erin Creighton,Consumer,United States,New York City,New York,10024,East,OFF-PA-10002741,Office Supplies,Paper,Xerox 1980,25.68,6,0,11.556
5021,23-03-2017,CA-2017-136511,25-03-2017,Second Class,MZ-17515,Mary Zewe,Corporate,United States,New York City,New York,10011,East,OFF-SU-10003505,Office Supplies,Supplies,Premier Electric Letter Opener,347.58,3,0,17.379
5645,23-03-2017,CA-2017-120719,26-03-2017,First Class,SJ-20125,Sanjit Jacobs,Home Office,United States,Seattle,Washington,98105,West,OFF-BI-10002103,Office Supplies,Binders,"Cardinal Slant-D Ring Binder, Heavy Gauge Vinyl",34.76,5,0.2,11.297
8152,23-03-2017,CA-2017-140151,25-03-2017,First Class,RB-19360,Raymond Buch,Consumer,United States,Seattle,Washington,98115,West,OFF-ST-10001558,Office Supplies,Storage,Acco Perma 4000 Stacking Storage Drawers,32.48,2,0,4.872
8153,23-03-2017,CA-2017-140151,25-03-2017,First Class,RB-19360,Raymond Buch,Consumer,United States,Seattle,Washington,98115,West,OFF-PA-10002986,Office Supplies,Paper,Xerox 1898,20.04,3,0,9.6192
8154,23-03-2017,CA-2017-140151,25-03-2017,First Class,RB-19360,Raymond Buch,Consumer,United States,Seattle,Washington,98115,West,TEC-CO-10004722,Technology,Copiers,Canon imageCLASS 2200 Advanced Copier,13999.96,4,0,6719.9808
2104,24-03-2017,CA-2017-167101,28-03-2017,Second Class,BM-11650,Brian Moss,Corporate,United States,New York City,New York,10009,East,OFF-PA-10000357,Office Supplies,Paper,Xerox 1888,221.92,4,0,106.5216
2105,24-03-2017,CA-2017-167101,28-03-2017,Second Class,BM-11650,Brian Moss,Corporate,United States,New York City,New York,10009,East,TEC-AC-10001266,Technology,Accessories,Memorex Micro Travel Drive 8 GB,26,2,0,11.7
7798,24-03-2017,CA-2017-166184,27-03-2017,First Class,HR-14830,Harold Ryan,Corporate,United States,New York City,New York,10035,East,OFF-EN-10004483,Office Supplies,Envelopes,"#10 White Business Envelopes,4 1/8 x 9 1/2",47.01,3,0,22.0947
7799,24-03-2017,CA-2017-166184,27-03-2017,First Class,HR-14830,Harold Ryan,Corporate,United States,New York City,New York,10035,East,TEC-PH-10002624,Technology,Phones,Samsung Galaxy S4 Mini,469.99,1,0,136.2971
7800,24-03-2017,CA-2017-166184,27-03-2017,First Class,HR-14830,Harold Ryan,Corporate,United States,New York City,New York,10035,East,FUR-CH-10003396,Furniture,Chairs,Global Deluxe Steno Chair,207.846,3,0.1,2.3094
8972,24-03-2017,CA-2017-122308,28-03-2017,Standard Class,MV-17485,Mark Van Huff,Consumer,United States,New York City,New York,10011,East,FUR-CH-10000665,Furniture,Chairs,"Global Airflow Leather Mesh Back Chair, Black",271.764,2,0.1,60.392
9530,24-03-2017,CA-2017-101637,25-03-2017,Same Day,AC-10615,Ann Chong,Corporate,United States,Beaumont,Texas,77705,Central,OFF-ST-10002352,Office Supplies,Storage,Iris Project Case,12.768,2,0.2,0.9576
1877,25-03-2017,CA-2017-112039,29-03-2017,Standard Class,JC-15775,John Castell,Consumer,United States,San Antonio,Texas,78207,Central,TEC-PH-10000984,Technology,Phones,Panasonic KX-TG9471B,470.376,3,0.2,47.0376
2383,25-03-2017,US-2017-117534,26-03-2017,First Class,CV-12295,Christina VanderZanden,Consumer,United States,Fresno,California,93727,West,OFF-AP-10002403,Office Supplies,Appliances,Acco Smartsocket Color-Coded Six-Outlet AC Adapter Model Surge Protectors,176.04,4,0,45.7704
2384,25-03-2017,US-2017-117534,26-03-2017,First Class,CV-12295,Christina VanderZanden,Consumer,United States,Fresno,California,93727,West,OFF-AR-10003087,Office Supplies,Art,Staples in misc. colors,16.02,9,0,4.4856
2385,25-03-2017,US-2017-117534,26-03-2017,First Class,CV-12295,Christina VanderZanden,Consumer,United States,Fresno,California,93727,West,OFF-BI-10002026,Office Supplies,Binders,Avery Arch Ring Binders,185.92,4,0.2,62.748
2386,25-03-2017,US-2017-117534,26-03-2017,First Class,CV-12295,Christina VanderZanden,Consumer,United States,Fresno,California,93727,West,TEC-PH-10000141,Technology,Phones,Clearsounds A400,211.168,4,0.2,15.8376
2387,25-03-2017,US-2017-117534,26-03-2017,First Class,CV-12295,Christina VanderZanden,Consumer,United States,Fresno,California,93727,West,TEC-CO-10000971,Technology,Copiers,Hewlett Packard 310 Color Digital Copier,479.984,2,0.2,59.998
2941,25-03-2017,CA-2017-155880,31-03-2017,Standard Class,JD-16150,Justin Deggeller,Corporate,United States,Milwaukee,Wisconsin,53209,Central,FUR-CH-10000422,Furniture,Chairs,Global Highback Leather Tilter in Burgundy,90.99,1,0,14.5584
2942,25-03-2017,CA-2017-155880,31-03-2017,Standard Class,JD-16150,Justin Deggeller,Corporate,United States,Milwaukee,Wisconsin,53209,Central,FUR-CH-10004675,Furniture,Chairs,"Lifetime Advantage Folding Chairs, 4/Carton",1526.56,7,0,427.4368
2943,25-03-2017,CA-2017-155880,31-03-2017,Standard Class,JD-16150,Justin Deggeller,Corporate,United States,Milwaukee,Wisconsin,53209,Central,FUR-CH-10002880,Furniture,Chairs,"Global High-Back Leather Tilter, Burgundy",368.97,3,0,40.5867
3391,25-03-2017,CA-2017-101077,30-03-2017,Second Class,DB-13660,Duane Benoit,Consumer,United States,Dallas,Texas,75081,Central,OFF-PA-10004239,Office Supplies,Paper,Xerox 1953,6.848,2,0.2,2.14
4932,25-03-2017,CA-2017-143651,30-03-2017,Standard Class,FM-14215,Filia McAdams,Corporate,United States,Seattle,Washington,98103,West,OFF-AR-10001446,Office Supplies,Art,Newell 309,23.1,2,0,6.93
5608,25-03-2017,CA-2017-105193,31-03-2017,Standard Class,JL-15835,John Lee,Consumer,United States,New York City,New York,10024,East,OFF-AR-10001547,Office Supplies,Art,Newell 311,11.05,5,0,2.9835
1861,26-03-2017,US-2017-121251,27-03-2017,First Class,GM-14440,Gary McGarr,Consumer,United States,New York City,New York,10009,East,FUR-BO-10001918,Furniture,Bookcases,"Sauder Forest Hills Library with Doors, Woodland Oak Finish",257.568,2,0.2,-28.9764
1862,26-03-2017,US-2017-121251,27-03-2017,First Class,GM-14440,Gary McGarr,Consumer,United States,New York City,New York,10009,East,TEC-PH-10004896,Technology,Phones,Nokia Lumia 521 (T-Mobile),119.96,4,0,33.5888
4239,26-03-2017,CA-2017-147144,28-03-2017,First Class,MZ-17335,Maria Zettner,Home Office,United States,Seattle,Washington,98105,West,OFF-AR-10004587,Office Supplies,Art,"Boston 1827 Commercial Additional Cutter, Drive Gear & Gear Rack for 1606",19.83,1,0,5.949
5638,26-03-2017,CA-2017-113208,02-04-2017,Standard Class,ML-18040,Michelle Lonsdale,Corporate,United States,Dearborn,Michigan,48126,Central,FUR-FU-10004245,Furniture,Furnishings,"Career Cubicle Clock, 8 1/4"", Black",60.84,3,0,23.1192
6130,26-03-2017,CA-2017-162033,02-04-2017,Standard Class,EM-14200,Evan Minnotte,Home Office,United States,Virginia Beach,Virginia,23464,South,TEC-AC-10003116,Technology,Accessories,Memorex Froggy Flash Drive 8 GB,53.25,3,0,20.7675
6131,26-03-2017,CA-2017-162033,02-04-2017,Standard Class,EM-14200,Evan Minnotte,Home Office,United States,Virginia Beach,Virginia,23464,South,OFF-FA-10003021,Office Supplies,Fasteners,Staples,3.76,2,0,1.316
7173,26-03-2017,US-2017-141677,30-03-2017,Standard Class,HK-14890,Heather Kirkland,Corporate,United States,Houston,Texas,77070,Central,TEC-AC-10000158,Technology,Accessories,Sony 64GB Class 10 Micro SDHC R40 Memory Card,143.96,5,0.2,1.7995
7174,26-03-2017,US-2017-141677,30-03-2017,Standard Class,HK-14890,Heather Kirkland,Corporate,United States,Houston,Texas,77070,Central,TEC-CO-10002313,Technology,Copiers,Canon PC1080F Personal Copier,2399.96,5,0.2,569.9905
7175,26-03-2017,US-2017-141677,30-03-2017,Standard Class,HK-14890,Heather Kirkland,Corporate,United States,Houston,Texas,77070,Central,OFF-PA-10002581,Office Supplies,Paper,Xerox 1951,74.352,3,0.2,23.235
7176,26-03-2017,US-2017-141677,30-03-2017,Standard Class,HK-14890,Heather Kirkland,Corporate,United States,Houston,Texas,77070,Central,OFF-AP-10001205,Office Supplies,Appliances,Belkin 5 Outlet SurgeMaster Power Centers,87.168,8,0.8,-226.6368
7177,26-03-2017,US-2017-141677,30-03-2017,Standard Class,HK-14890,Heather Kirkland,Corporate,United States,Houston,Texas,77070,Central,OFF-ST-10000344,Office Supplies,Storage,"Neat Ideas Personal Hanging Folder Files, Black",32.232,3,0.2,2.4174
4676,27-03-2017,CA-2017-139416,29-03-2017,Second Class,AG-10270,Alejandro Grove,Consumer,United States,Philadelphia,Pennsylvania,19120,East,FUR-FU-10003832,Furniture,Furnishings,"Eldon Expressions Punched Metal & Wood Desk Accessories, Black & Cherry",15.008,2,0.2,1.5008
8486,27-03-2017,CA-2017-124716,31-03-2017,Standard Class,BD-11560,Brendan Dodson,Home Office,United States,Fresno,California,93727,West,OFF-PA-10000740,Office Supplies,Paper,Xerox 1982,45.68,2,0,21.0128
8487,27-03-2017,CA-2017-124716,31-03-2017,Standard Class,BD-11560,Brendan Dodson,Home Office,United States,Fresno,California,93727,West,OFF-PA-10001144,Office Supplies,Paper,Xerox 1913,110.96,2,0,53.2608
8488,27-03-2017,CA-2017-124716,31-03-2017,Standard Class,BD-11560,Brendan Dodson,Home Office,United States,Fresno,California,93727,West,OFF-PA-10000859,Office Supplies,Paper,Unpadded Memo Slips,11.94,3,0,5.97
9754,27-03-2017,CA-2017-113705,29-03-2017,Second Class,LC-16870,Lena Cacioppo,Consumer,United States,Richmond,Virginia,23223,South,OFF-LA-10000476,Office Supplies,Labels,"Avery 05222 Permanent Self-Adhesive File Folder Labels for Typewriters, on Rolls, White, 250/Roll",8.26,2,0,3.7996
9755,27-03-2017,CA-2017-113705,29-03-2017,Second Class,LC-16870,Lena Cacioppo,Consumer,United States,Richmond,Virginia,23223,South,OFF-BI-10001679,Office Supplies,Binders,GBC Instant Index System for Binding Systems,17.76,2,0,8.88
9756,27-03-2017,CA-2017-113705,29-03-2017,Second Class,LC-16870,Lena Cacioppo,Consumer,United States,Richmond,Virginia,23223,South,OFF-ST-10001128,Office Supplies,Storage,"Carina Mini System Audio Rack, Model AR050B",332.94,3,0,9.9882
9757,27-03-2017,CA-2017-113705,29-03-2017,Second Class,LC-16870,Lena Cacioppo,Consumer,United States,Richmond,Virginia,23223,South,FUR-TA-10002533,Furniture,Tables,BPI Conference Tables,292.1,2,0,58.42
9758,27-03-2017,CA-2017-113705,29-03-2017,Second Class,LC-16870,Lena Cacioppo,Consumer,United States,Richmond,Virginia,23223,South,TEC-PH-10004006,Technology,Phones,Panasonic KX - TS880B Telephone,206.1,5,0,55.647
9759,27-03-2017,CA-2017-113705,29-03-2017,Second Class,LC-16870,Lena Cacioppo,Consumer,United States,Richmond,Virginia,23223,South,OFF-PA-10002615,Office Supplies,Paper,"Ampad Gold Fibre Wirebound Steno Books, 6"" x 9"", Gregg Ruled",17.64,4,0,8.1144
9788,27-03-2017,CA-2017-144491,01-04-2017,Standard Class,CJ-12010,Caroline Jumper,Consumer,United States,Houston,Texas,77070,Central,FUR-BO-10001811,Furniture,Bookcases,"Atlantic Metals Mobile 5-Shelf Bookcases, Custom Colors",1023.332,5,0.32,-30.098
9789,27-03-2017,CA-2017-144491,01-04-2017,Standard Class,CJ-12010,Caroline Jumper,Consumer,United States,Houston,Texas,77070,Central,FUR-CH-10004063,Furniture,Chairs,Global Deluxe High-Back Manager's Chair,600.558,3,0.3,-8.5794
9790,27-03-2017,CA-2017-144491,01-04-2017,Standard Class,CJ-12010,Caroline Jumper,Consumer,United States,Houston,Texas,77070,Central,TEC-AC-10004901,Technology,Accessories,Kensington SlimBlade Notebook Wireless Mouse with Nano Receiver ,39.992,1,0.2,6.9986
9791,27-03-2017,CA-2017-144491,01-04-2017,Standard Class,CJ-12010,Caroline Jumper,Consumer,United States,Houston,Texas,77070,Central,FUR-CH-10001714,Furniture,Chairs,"Global Leather & Oak Executive Chair, Burgundy",211.246,2,0.3,-66.3916
1880,28-03-2017,US-2017-166611,02-04-2017,Standard Class,CK-12760,Cyma Kinney,Corporate,United States,Jacksonville,Florida,32216,South,OFF-BI-10001191,Office Supplies,Binders,Canvas Sectional Post Binders,68.742,9,0.7,-48.1194
5740,28-03-2017,US-2017-147886,31-03-2017,First Class,DH-13075,Dave Hallsten,Corporate,United States,Fairfield,California,94533,West,OFF-PA-10000232,Office Supplies,Paper,Xerox 1975,12.96,2,0,6.3504
5741,28-03-2017,US-2017-147886,31-03-2017,First Class,DH-13075,Dave Hallsten,Corporate,United States,Fairfield,California,94533,West,FUR-FU-10001095,Furniture,Furnishings,DAX Black Cherry Wood-Tone Poster Frame,26.48,1,0,10.0624
5742,28-03-2017,US-2017-147886,31-03-2017,First Class,DH-13075,Dave Hallsten,Corporate,United States,Fairfield,California,94533,West,TEC-MA-10004679,Technology,Machines,StarTech.com 10/100 VDSL2 Ethernet Extender Kit,532.72,2,0.2,53.272
5743,28-03-2017,US-2017-147886,31-03-2017,First Class,DH-13075,Dave Hallsten,Corporate,United States,Fairfield,California,94533,West,OFF-PA-10003651,Office Supplies,Paper,Xerox 1968,26.72,4,0,12.8256
5744,28-03-2017,US-2017-147886,31-03-2017,First Class,DH-13075,Dave Hallsten,Corporate,United States,Fairfield,California,94533,West,OFF-PA-10000743,Office Supplies,Paper,Xerox 1977,20.04,3,0,9.6192
5745,28-03-2017,US-2017-147886,31-03-2017,First Class,DH-13075,Dave Hallsten,Corporate,United States,Fairfield,California,94533,West,OFF-ST-10002743,Office Supplies,Storage,SAFCO Boltless Steel Shelving,795.48,7,0,7.9548
5746,28-03-2017,US-2017-147886,31-03-2017,First Class,DH-13075,Dave Hallsten,Corporate,United States,Fairfield,California,94533,West,FUR-FU-10003829,Furniture,Furnishings,Stackable Trays,21.56,7,0,6.8992
5720,29-03-2017,CA-2017-126550,02-04-2017,Second Class,RD-19720,Roger Demir,Consumer,United States,Lafayette,Indiana,47905,Central,OFF-ST-10001031,Office Supplies,Storage,Adjustable Personal File Tote,81.4,5,0,21.164
4543,30-03-2017,CA-2017-113474,31-03-2017,First Class,TM-21490,Tony Molinari,Consumer,United States,Oklahoma City,Oklahoma,73120,Central,OFF-EN-10004206,Office Supplies,Envelopes,Multimedia Mailers,325.86,2,0,149.8956
4689,30-03-2017,US-2017-154851,03-04-2017,Standard Class,BP-11155,Becky Pak,Consumer,United States,Lancaster,Pennsylvania,17602,East,OFF-BI-10001525,Office Supplies,Binders,"Acco Pressboard Covers with Storage Hooks, 14 7/8"" x 11"", Executive Red",5.715,5,0.7,-4.7625
5873,30-03-2017,CA-2017-129910,03-04-2017,Standard Class,ME-17320,Maria Etezadi,Home Office,United States,Columbus,Georgia,31907,South,OFF-ST-10003282,Office Supplies,Storage,"Advantus 10-Drawer Portable Organizer, Chrome Metal Frame, Smoke Drawers",59.76,1,0,16.7328
7503,30-03-2017,US-2017-120147,30-03-2017,Same Day,TB-21400,Tom Boeckenhauer,Consumer,United States,Los Angeles,California,90036,West,OFF-AR-10000817,Office Supplies,Art,Manco Dry-Lighter Erasable Highlighter,6.08,2,0,2.0672
7504,30-03-2017,US-2017-120147,30-03-2017,Same Day,TB-21400,Tom Boeckenhauer,Consumer,United States,Los Angeles,California,90036,West,TEC-PH-10002447,Technology,Phones,AT&T CL83451 4-Handset Telephone,164.792,1,0.2,18.5391
8665,30-03-2017,CA-2017-126634,01-04-2017,Second Class,AB-10165,Alan Barnes,Consumer,United States,Lakewood,California,90712,West,FUR-FU-10004973,Furniture,Furnishings,Flat Face Poster Frame,94.2,5,0,39.564
469,31-03-2017,CA-2017-154907,04-04-2017,Standard Class,DS-13180,David Smith,Corporate,United States,Amarillo,Texas,79109,Central,FUR-BO-10002824,Furniture,Bookcases,Bush Mission Pointe Library,205.3328,2,0.32,-36.2352
1338,31-03-2017,CA-2017-100524,02-04-2017,Second Class,CM-12115,Chad McGuire,Consumer,United States,New York City,New York,10011,East,FUR-FU-10004018,Furniture,Furnishings,Tensor Computer Mounted Lamp,29.78,2,0,8.0406
1339,31-03-2017,CA-2017-100524,02-04-2017,Second Class,CM-12115,Chad McGuire,Consumer,United States,New York City,New York,10011,East,TEC-PH-10002549,Technology,Phones,Polycom SoundPoint IP 450 VoIP phone,677.58,3,0,176.1708
1340,31-03-2017,CA-2017-100524,02-04-2017,Second Class,CM-12115,Chad McGuire,Consumer,United States,New York City,New York,10011,East,OFF-PA-10004911,Office Supplies,Paper,"Rediform S.O.S. 1-Up Phone Message Bk, 4-1/4x3-1/16 Bk, 1 Form/Pg, 40 Messages/Bk, 3/Pk",75.04,8,0,36.0192
2150,31-03-2017,CA-2017-102771,05-04-2017,Standard Class,DO-13435,Denny Ordway,Consumer,United States,New York City,New York,10035,East,TEC-PH-10001536,Technology,Phones,Spigen Samsung Galaxy S5 Case Wallet,84.95,5,0,22.087
3089,31-03-2017,US-2017-159205,02-04-2017,Second Class,DB-12910,Daniel Byrd,Home Office,United States,Henderson,Kentucky,42420,South,FUR-FU-10001591,Furniture,Furnishings,Advantus Panel Wall Certificate Holder - 8.5x11,61,5,0,25.62
3090,31-03-2017,US-2017-159205,02-04-2017,Second Class,DB-12910,Daniel Byrd,Home Office,United States,Henderson,Kentucky,42420,South,TEC-PH-10000526,Technology,Phones,Vtech CS6719,671.93,7,0,188.1404
3243,31-03-2017,CA-2017-114524,05-04-2017,Second Class,EG-13900,Emily Grady,Consumer,United States,Chicago,Illinois,60623,Central,OFF-BI-10002799,Office Supplies,Binders,"SlimView Poly Binder, 3/8""",13.468,13,0.8,-22.8956
5562,31-03-2017,CA-2017-133263,02-04-2017,Second Class,JE-15610,Jim Epp,Corporate,United States,Atlanta,Georgia,30318,South,OFF-BI-10001153,Office Supplies,Binders,Ibico Recycled Grain-Textured Covers,34.54,1,0,17.27
5563,31-03-2017,CA-2017-133263,02-04-2017,Second Class,JE-15610,Jim Epp,Corporate,United States,Atlanta,Georgia,30318,South,TEC-CO-10001449,Technology,Copiers,Hewlett Packard LaserJet 3310 Copier,2999.95,5,0,1439.976
5564,31-03-2017,CA-2017-133263,02-04-2017,Second Class,JE-15610,Jim Epp,Corporate,United States,Atlanta,Georgia,30318,South,OFF-BI-10000474,Office Supplies,Binders,Avery Recycled Flexi-View Covers for Binding Systems,64.12,4,0,30.7776
6562,31-03-2017,CA-2017-144680,02-04-2017,First Class,SC-20260,Scott Cohen,Corporate,United States,Arlington,Texas,76017,Central,OFF-AP-10003040,Office Supplies,Appliances,Fellowes 8 Outlet Superior Workstation Surge Protector w/o Phone/Fax/Modem Protection,33.62,5,0.8,-90.774
7536,31-03-2017,US-2017-160143,07-04-2017,Standard Class,HG-14965,Henry Goldwyn,Corporate,United States,Los Angeles,California,90004,West,OFF-SU-10004231,Office Supplies,Supplies,Acme Tagit Stainless Steel Antibacterial Scissors,29.7,3,0,8.019
